Product Category,Product Discount,Product Bought,User ID
Home Care,0.35,16206486342,42
Informatics,0.54,16380685304,265
Printers,0.79,16264530400,636
Consumer Electronics,0.77,16142557854,178
Consumer Electronics,0.68,16340165821,234
Screens,0.02,16122226570,61
Phones,0.41,16151103992,206
Home Care,0.71,16402664523,594
Audio,0.66,16238844982,537
Home Care,0.68,16206456394,767
Screens,0.26,16241751594,35
Beauty,0.55,16405667703,220
Informatics,0.42,16324354391,202
Printers,0.69,16192678191,58
Home Care,0.28,16161328453,5
Phones,0.59,16357636521,466
Phones,0.35,16150690824,118
Furniture,0.29,16358556803,539
Furniture,0.22,16319022230,668
Phones,0.41,16194705523,737
Home Care,0.63,16178086164,872
Printers,0.49,16341830174,177
Informatics,0.66,16296517483,34
Printers,0.33,16215800463,274
Phones,0.44,16123639354,331
Furniture,0.65,16406083770,427
Consumer Electronics,0.05,16251449711,40
Home Care,0.43,16308408544,200
Home Care,0.67,16164617593,218
Beauty,0.42,16346328132,642
Printers,0.71,16190186510,594
Televisions,0.34,16200118440,763
Furniture,0.59,16345120434,878
Screens,0.1,16157934570,899
Consumer Electronics,0.54,16361996014,125
Printers,0.56,16105463983,158
Informatics,0.37,16335068180,390
Screens,0.0,16219788614,851
Furniture,0.8,16225338713,892
Printers,0.39,16300695794,794
Phones,0.64,16298762534,394
Home Care,0.11,16383251570,703
Audio,0.17,16194923532,242
Furniture,0.14,16357985520,455
Printers,0.03,16245825171,621
Screens,0.6,16099461741,608
Phones,0.7,16246074212,267
Printers,0.79,16158850663,168
Home Care,0.27,16367929352,395
Phones,0.53,16246821090,655
Home Care,0.4,16185177962,708
Informatics,0.5,16122090811,798
Beauty,0.47,16160347493,767
Audio,0.33,16188340484,792
Furniture,0.07,16270730344,721
Screens,0.63,16301113924,170
Televisions,0.21,16164558902,172
Phones,0.13,16153188052,70
Home Care,0.23,16174463150,655
Televisions,0.65,16335243624,597
Furniture,0.78,16277015321,486
Furniture,0.14,16319696402,789
Consumer Electronics,0.35,16149391121,372
Printers,0.22,16380213711,793
Consumer Electronics,0.48,16234415704,28
Beauty,0.17,16339954500,788
Phones,0.79,16360525854,122
Phones,0.69,16222932773,521
Screens,0.14,16219908331,182
Televisions,0.32,16138448701,605
Phones,0.32,16131409520,795
Printers,0.47,16312726951,705
Audio,0.47,16167661634,844
Consumer Electronics,0.08,16216505880,855
Home Care,0.69,16274428124,721
Furniture,0.45,16339869664,464
Audio,0.02,16105222753,484
Home Care,0.34,16253704454,564
Consumer Electronics,0.78,16275876553,6
Audio,0.1,16281383104,224
Beauty,0.03,16343968581,286
Furniture,0.66,16393874301,415
Printers,0.49,16246563872,216
Furniture,0.63,16096262171,650
Home Care,0.45,16327793443,530
Consumer Electronics,0.34,16333436623,204
Phones,0.29,16388634573,306
Beauty,0.39,16277200583,692
Consumer Electronics,0.41,16131830411,337
Printers,0.57,16170439924,410
Screens,0.11,16371370714,369
Beauty,0.72,16331613621,58
Phones,0.78,16240062250,543
Phones,0.77,16097484712,806
Audio,0.12,16344929490,816
Furniture,0.5,16141808393,409
Audio,0.48,16153017551,855
Phones,0.57,16129510261,632
Televisions,0.5,16397257981,228
Phones,0.19,16250506714,200
Consumer Electronics,0.34,16274776982,121
Informatics,0.18,16151030704,803
Informatics,0.47,16381954693,432
Informatics,0.65,16309677533,182
Televisions,0.05,16392672341,261
Informatics,0.7,16102150094,329
Consumer Electronics,0.69,16228109513,507
Beauty,0.41,16180787610,596
Home Care,0.35,16135455850,814
Consumer Electronics,0.35,16119275911,365
Televisions,0.14,16114590704,207
Consumer Electronics,0.08,16313666390,640
Phones,0.7,16409075860,280
Consumer Electronics,0.69,16107354322,852
Phones,0.14,16120488823,184
Screens,0.07,16210418330,595
Audio,0.65,16122001370,651
Home Care,0.28,16404950173,245
Screens,0.26,16254503313,341
Home Care,0.04,16194431051,632
Phones,0.77,16383749064,170
Home Care,0.47,16255283224,30
Furniture,0.79,16095675431,743
Screens,0.09,16369369092,679
Screens,0.24,16357866820,708
Informatics,0.06,16276937013,737
Informatics,0.19,16224498173,66
Informatics,0.77,16190672171,441
Home Care,0.34,16111397543,662
Beauty,0.17,16382305514,182
Informatics,0.37,16309807491,328
Audio,0.11,16319268591,430
Phones,0.27,16361022723,576
Audio,0.17,16163218984,481
Consumer Electronics,0.08,16103460560,474
Informatics,0.76,16397410032,860
Screens,0.28,16230539502,630
Screens,0.69,16198291584,393
Audio,0.25,16126591893,29
Consumer Electronics,0.2,16267015973,615
Printers,0.54,16366461774,471
Home Care,0.61,16209151471,625
Informatics,0.64,16257983894,760
Informatics,0.27,16124884462,164
Televisions,0.2,16409886943,770
Informatics,0.63,16159203673,545
Phones,0.73,16312417822,139
Televisions,0.28,16341725783,486
Furniture,0.02,16127354762,482
Beauty,0.24,16129480890,713
Informatics,0.68,16149382680,175
Audio,0.6,16196187844,395
Home Care,0.66,16378747404,769
Printers,0.6,16236207463,176
Phones,0.45,16176638650,50
Furniture,0.38,16360181651,69
Printers,0.57,16386540024,311
Audio,0.06,16236267822,824
Consumer Electronics,0.08,16170953194,308
Furniture,0.58,16312244892,653
Audio,0.5,16401152994,146
Home Care,0.06,16255502982,49
Audio,0.35,16212767041,240
Audio,0.47,16176649233,92
Consumer Electronics,0.72,16123847890,303
Consumer Electronics,0.1,16108458954,404
Screens,0.11,16356925561,393
Audio,0.13,16251160061,154
Beauty,0.65,16169480282,158
Furniture,0.63,16166416031,618
Furniture,0.52,16237441563,259
Printers,0.51,16162333951,321
Consumer Electronics,0.03,16177402372,336
Furniture,0.22,16233447933,859
Furniture,0.16,16261253262,224
Phones,0.45,16171530550,895
Home Care,0.33,16235096980,352
Phones,0.59,16174537993,148
Screens,0.08,16204104842,597
Beauty,0.6,16282020462,433
Beauty,0.14,16167247042,898
Home Care,0.26,16101194971,777
Consumer Electronics,0.0,16148834830,797
Televisions,0.1,16276340334,598
Televisions,0.25,16200317992,244
Informatics,0.65,16305426292,420
Consumer Electronics,0.63,16344025081,168
Phones,0.29,16123227830,836
Televisions,0.13,16140638053,585
Consumer Electronics,0.55,16388288444,548
Screens,0.08,16372637180,155
Printers,0.68,16326526983,702
Beauty,0.43,16146519894,242
Beauty,0.58,16181866280,34
Screens,0.06,16341737650,372
Informatics,0.7,16134031170,738
Televisions,0.25,16297544171,879
Consumer Electronics,0.25,16276668134,588
Screens,0.21,16117852691,334
Home Care,0.61,16278754600,471
Screens,0.36,16207674113,292
Phones,0.6,16217294152,511
Home Care,0.45,16247665291,259
Consumer Electronics,0.03,16135063520,565
Home Care,0.36,16175658680,216
Screens,0.23,16124023854,442
Home Care,0.09,16098733202,229
Informatics,0.54,16227831602,714
Home Care,0.17,16181585194,744
Beauty,0.52,16254623353,127
Beauty,0.61,16355227454,465
Informatics,0.04,16121005843,456
Printers,0.14,16360463284,480
Audio,0.33,16246175432,771
Televisions,0.26,16123600172,158
Screens,0.64,16341972411,574
Televisions,0.57,16358899891,815
Audio,0.1,16155667062,87
Televisions,0.7,16197477264,92
Furniture,0.11,16165412450,221
Audio,0.01,16402338440,591
Screens,0.42,16238624100,627
Televisions,0.45,16220820662,458
Televisions,0.56,16335880061,186
Televisions,0.68,16122814323,734
Consumer Electronics,0.18,16171604124,429
Screens,0.64,16324040132,84
Screens,0.16,16349750881,166
Televisions,0.59,16184765144,819
Furniture,0.16,16319282162,41
Consumer Electronics,0.4,16187038963,762
Phones,0.63,16113941910,116
Printers,0.73,16247074544,98
Screens,0.79,16395577233,369
Televisions,0.18,16232527214,835
Furniture,0.62,16363013053,319
Informatics,0.45,16099486234,809
Screens,0.08,16176543290,167
Televisions,0.59,16353630141,141
Beauty,0.15,16336087413,391
Consumer Electronics,0.11,16108674982,870
Consumer Electronics,0.15,16274528700,428
Televisions,0.71,16152846770,117
Beauty,0.65,16272461543,89
Beauty,0.01,16261407432,327
Beauty,0.24,16193975691,527
Phones,0.35,16160336882,181
Printers,0.08,16388275252,370
Printers,0.16,16296002562,860
Screens,0.33,16401937520,797
Beauty,0.67,16294668914,239
Furniture,0.37,16355198104,239
Home Care,0.43,16304660982,350
Audio,0.29,16391640514,250
Phones,0.61,16132185820,578
Printers,0.49,16256747672,539
Televisions,0.19,16341729003,469
Screens,0.09,16182984601,314
Home Care,0.51,16250515732,891
Home Care,0.63,16211664112,86
Beauty,0.27,16118422101,459
Screens,0.78,16374318652,276
Informatics,0.44,16388852711,304
Audio,0.7,16185214203,0
Home Care,0.66,16243301941,687
Screens,0.1,16359661631,873
Beauty,0.18,16344426203,678
Home Care,0.1,16302291594,579
Home Care,0.62,16363249040,245
Home Care,0.23,16372556092,822
Informatics,0.3,16135583673,609
Screens,0.28,16147005244,881
Audio,0.65,16162697482,340
Audio,0.76,16375386654,59
Consumer Electronics,0.25,16107546074,90
Furniture,0.45,16274103453,621
Home Care,0.4,16408824454,777
Beauty,0.04,16123881024,223
Informatics,0.09,16224225194,214
Consumer Electronics,0.18,16324377822,375
Printers,0.67,16324818463,509
Furniture,0.72,16153088601,192
Televisions,0.04,16147912611,652
Phones,0.41,16341382212,377
Audio,0.47,16113887862,218
Home Care,0.71,16113150423,565
Screens,0.32,16324033871,615
Phones,0.44,16123014741,877
Audio,0.04,16157329714,459
Beauty,0.25,16317895201,81
Home Care,0.51,16347392720,354
Home Care,0.68,16184738241,301
Audio,0.07,16267685984,384
Furniture,0.23,16316143082,446
Informatics,0.69,16375650410,497
Consumer Electronics,0.28,16240938663,316
Televisions,0.77,16130725421,354
Printers,0.8,16150242841,784
Phones,0.66,16352572934,196
Beauty,0.48,16100635030,575
Printers,0.32,16380361351,142
Furniture,0.09,16158212660,375
Televisions,0.42,16364565784,300
Screens,0.21,16384180974,145
Audio,0.47,16208331931,762
Audio,0.17,16193655310,804
Beauty,0.7,16345813503,679
Beauty,0.33,16342747271,389
Consumer Electronics,0.06,16136021192,828
Phones,0.77,16145702902,352
Printers,0.78,16363301602,579
Televisions,0.59,16126271643,518
Beauty,0.2,16341328513,484
Phones,0.57,16153896903,896
Home Care,0.74,16106201484,731
Beauty,0.76,16234842571,285
Screens,0.19,16397202183,134
Consumer Electronics,0.46,16121058391,486
Printers,0.14,16279164414,751
Televisions,0.63,16247921202,454
Audio,0.25,16110553741,435
Televisions,0.01,16221394490,342
Informatics,0.06,16198222324,861
Televisions,0.16,16233333540,51
Informatics,0.31,16192507140,311
Consumer Electronics,0.08,16358624612,528
Phones,0.26,16389956494,259
Beauty,0.18,16201569883,350
Informatics,0.17,16333615513,157
Home Care,0.62,16164343401,34
Informatics,0.06,16323090541,18
Beauty,0.53,16240928652,84
Consumer Electronics,0.24,16219418874,387
Televisions,0.61,16212058402,233
Beauty,0.79,16148437172,572
Furniture,0.57,16273420531,200
Audio,0.27,16218038894,210
Informatics,0.77,16271800942,404
Consumer Electronics,0.11,16144417702,79
Informatics,0.76,16168709781,501
Printers,0.05,16108853881,198
Printers,0.19,16358787920,816
Screens,0.59,16189686634,231
Televisions,0.16,16219569272,319
Audio,0.41,16213651414,810
Beauty,0.67,16403872680,193
Consumer Electronics,0.5,16205125332,553
Informatics,0.04,16178892190,489
Phones,0.42,16288115891,498
Phones,0.47,16156910392,774
Audio,0.43,16388010242,680
Audio,0.12,16150058111,112
Beauty,0.18,16344026563,531
Printers,0.38,16373118482,687
Phones,0.07,16249355850,169
Audio,0.23,16400910872,83
Informatics,0.02,16362340382,180
Printers,0.47,16232510430,706
Informatics,0.67,16361422732,386
Beauty,0.3,16221925350,639
Televisions,0.41,16100795991,872
Screens,0.68,16270862521,745
Televisions,0.24,16177934702,25
Consumer Electronics,0.08,16240806914,74
Beauty,0.36,16275916710,30
Televisions,0.45,16095662104,649
Audio,0.18,16248739510,300
Televisions,0.47,16314960203,298
Consumer Electronics,0.56,16168150822,554
Furniture,0.31,16400181263,77
Home Care,0.15,16340464544,34
Informatics,0.15,16191072471,466
Furniture,0.36,16114294893,781
Televisions,0.44,16139786904,85
Home Care,0.13,16360601420,74
Informatics,0.21,16361315934,446
Informatics,0.61,16156571072,194
Televisions,0.74,16383377884,736
Televisions,0.1,16378315333,605
Consumer Electronics,0.17,16367411990,224
Informatics,0.43,16397345883,166
Beauty,0.47,16113109942,847
Consumer Electronics,0.12,16286728943,836
Televisions,0.15,16261237573,552
Informatics,0.12,16316123773,883
Beauty,0.79,16224741834,351
Consumer Electronics,0.19,16185875990,34
Informatics,0.75,16269540391,349
Phones,0.31,16185501213,682
Screens,0.29,16324120274,461
Home Care,0.36,16226437794,584
Informatics,0.11,16142997701,900
Phones,0.66,16336943983,791
Audio,0.32,16194173691,124
Home Care,0.15,16187218274,431
Home Care,0.59,16226207374,321
Furniture,0.53,16217165092,370
Televisions,0.25,16263351860,580
Phones,0.14,16279712243,193
Beauty,0.45,16123545560,664
Furniture,0.31,16370087981,720
Audio,0.54,16281373471,258
Informatics,0.41,16208041673,173
Home Care,0.77,16149211283,621
Furniture,0.42,16158589380,345
Audio,0.47,16377836901,451
Informatics,0.71,16116055481,714
Televisions,0.65,16300275382,369
Consumer Electronics,0.22,16167496763,858
Home Care,0.23,16227614651,589
Audio,0.52,16187785553,197
Informatics,0.12,16380892483,247
Phones,0.19,16262496474,624
Furniture,0.77,16333260663,9
Printers,0.55,16124593972,313
Beauty,0.3,16337095663,865
Phones,0.4,16204406480,887
Home Care,0.42,16244409044,74
Home Care,0.02,16178903581,871
Furniture,0.01,16396812010,247
Home Care,0.59,16376667564,261
Informatics,0.7,16402694971,85
Furniture,0.19,16149039780,516
Screens,0.78,16311913932,293
Home Care,0.19,16393809640,312
Furniture,0.26,16249805161,470
Printers,0.31,16332720324,24
Printers,0.74,16391387651,532
Phones,0.01,16383727863,723
Consumer Electronics,0.73,16357767692,475
Screens,0.67,16339741544,893
Screens,0.27,16279142884,372
Furniture,0.04,16363994651,591
Informatics,0.71,16232883071,44
Consumer Electronics,0.57,16287664041,807
Home Care,0.67,16238034051,849
Screens,0.26,16172423401,354
Furniture,0.08,16316439951,669
Consumer Electronics,0.27,16388316750,288
Informatics,0.3,16269393190,511
Printers,0.43,16108737743,126
Beauty,0.25,16357428210,459
Beauty,0.68,16131917972,257
Consumer Electronics,0.09,16226976862,4
Screens,0.1,16195624600,789
Printers,0.78,16142410164,40
Beauty,0.4,16164958500,229
Consumer Electronics,0.1,16369953332,558
Beauty,0.34,16182276713,338
Televisions,0.17,16212632061,840
Consumer Electronics,0.27,16210777320,670
Furniture,0.4,16246538662,21
Phones,0.35,16152421140,607
Televisions,0.74,16385587574,782
Home Care,0.71,16334583010,761
Televisions,0.38,16245076194,527
Screens,0.04,16338840990,82
Consumer Electronics,0.08,16098015953,620
Consumer Electronics,0.5,16351493331,320
Televisions,0.73,16274029310,700
Screens,0.1,16369425021,263
Audio,0.46,16238131673,64
Televisions,0.74,16282741043,48
Home Care,0.63,16261967284,457
Furniture,0.54,16135996311,677
Screens,0.4,16287625103,379
Screens,0.46,16163604814,8
Consumer Electronics,0.42,16356775662,98
Consumer Electronics,0.4,16358987734,475
Screens,0.41,16191439683,237
Phones,0.57,16254194464,568
Printers,0.29,16378680852,587
Audio,0.12,16250495530,214
Printers,0.76,16217057670,62
Phones,0.69,16356061180,185
Beauty,0.29,16391968300,276
Audio,0.52,16384036432,468
Informatics,0.73,16135455173,409
Phones,0.45,16280182773,17
Home Care,0.69,16116886571,819
Televisions,0.31,16297430843,11
Home Care,0.24,16129567373,560
Beauty,0.44,16163745052,63
Televisions,0.07,16272761411,756
Printers,0.54,16148800162,407
Screens,0.38,16190770534,629
Screens,0.3,16286784921,69
Screens,0.57,16214879433,847
Informatics,0.15,16284232512,213
Screens,0.21,16213759032,723
Furniture,0.7,16379500964,499
Beauty,0.73,16312278031,884
Furniture,0.45,16373632623,114
Furniture,0.01,16346185670,303
Audio,0.48,16407329860,247
Printers,0.11,16236552733,679
Consumer Electronics,0.35,16288385142,843
Furniture,0.18,16217349083,104
Screens,0.26,16187966651,143
Phones,0.2,16197296013,84
Printers,0.71,16306365640,292
Phones,0.44,16300770202,15
Beauty,0.0,16229901823,321
Phones,0.69,16185133593,8
Informatics,0.59,16246073242,324
Phones,0.59,16309082534,890
Informatics,0.27,16327620792,202
Printers,0.1,16220707163,341
Consumer Electronics,0.22,16282941280,881
Screens,0.03,16351081421,361
Printers,0.31,16363467403,736
Printers,0.16,16120222950,13
Beauty,0.01,16300780041,503
Informatics,0.43,16360863301,792
Home Care,0.59,16233494893,447
Beauty,0.43,16239637213,237
Informatics,0.56,16257206594,368
Informatics,0.55,16223877283,589
Printers,0.66,16402108422,758
Beauty,0.56,16346544180,313
Furniture,0.72,16374084684,660
Informatics,0.03,16338734670,576
Consumer Electronics,0.39,16249128672,55
Home Care,0.54,16239401481,300
Consumer Electronics,0.41,16175432444,781
Televisions,0.2,16188520194,206
Home Care,0.65,16094830373,825
Home Care,0.41,16229496163,199
Printers,0.64,16115813374,248
Phones,0.34,16253757990,611
Informatics,0.24,16155188860,477
Beauty,0.75,16165683263,827
Home Care,0.06,16231538741,654
Printers,0.08,16354666183,739
Audio,0.23,16341061871,73
Informatics,0.74,16372129543,290
Televisions,0.65,16330774883,22
Printers,0.54,16292819090,186
Televisions,0.65,16406910913,855
Consumer Electronics,0.09,16137394893,701
Informatics,0.35,16100519543,867
Televisions,0.8,16267098494,345
Phones,0.66,16161676391,797
Home Care,0.23,16138574191,503
Televisions,0.58,16195875270,3
Screens,0.3,16184499664,171
Furniture,0.57,16161088363,467
Printers,0.29,16257801830,732
Beauty,0.03,16336566831,190
Screens,0.67,16199864572,524
Beauty,0.16,16156866272,198
Phones,0.28,16369016993,95
Printers,0.46,16216314263,619
Furniture,0.67,16404481381,286
Beauty,0.18,16321345671,801
Printers,0.24,16221243673,98
Audio,0.0,16256078893,446
Beauty,0.32,16207936604,842
Home Care,0.33,16252239894,609
Consumer Electronics,0.48,16226097892,564
Informatics,0.31,16401763482,337
Audio,0.45,16408808583,408
Beauty,0.22,16137048634,304
Informatics,0.47,16372100822,377
Consumer Electronics,0.05,16389023250,23
Consumer Electronics,0.52,16284897871,665
Beauty,0.76,16110528294,377
Consumer Electronics,0.23,16305150620,808
Printers,0.32,16409848991,150
Furniture,0.48,16296502541,223
Informatics,0.05,16342292593,358
Screens,0.1,16320068323,431
Consumer Electronics,0.43,16303735593,733
Home Care,0.78,16164273261,169
Beauty,0.38,16321588073,561
Audio,0.26,16181702433,801
Home Care,0.09,16180134643,649
Furniture,0.25,16188821791,242
Consumer Electronics,0.36,16402204660,106
Home Care,0.18,16206711542,83
Screens,0.41,16403935521,318
Beauty,0.57,16303421741,606
Screens,0.48,16373606840,120
Phones,0.27,16395900131,833
Consumer Electronics,0.08,16320735584,550
Phones,0.7,16375739450,770
Televisions,0.53,16253945534,198
Home Care,0.41,16097697073,608
Furniture,0.1,16375393290,518
Phones,0.42,16158231132,196
Informatics,0.76,16105744060,513
Printers,0.19,16269388523,180
Furniture,0.12,16222124792,439
Printers,0.76,16276107084,539
Audio,0.26,16172699451,621
Televisions,0.09,16163528370,616
Home Care,0.28,16331327311,714
Printers,0.24,16115510384,76
Informatics,0.69,16239070412,884
Informatics,0.56,16269804531,490
Home Care,0.44,16376778060,359
Beauty,0.07,16338366401,789
Phones,0.38,16109885672,309
Screens,0.24,16289166444,227
Audio,0.45,16125796600,494
Informatics,0.79,16178656962,253
Beauty,0.27,16239159390,723
Beauty,0.35,16266189594,276
Phones,0.56,16168449290,781
Consumer Electronics,0.47,16364774432,204
Furniture,0.79,16207599813,90
Screens,0.35,16356968303,262
Home Care,0.2,16176449780,435
Beauty,0.66,16238951821,610
Consumer Electronics,0.3,16105819754,679
Consumer Electronics,0.65,16149812101,245
Consumer Electronics,0.29,16170328471,62
Informatics,0.43,16183740503,407
Televisions,0.42,16385243184,271
Consumer Electronics,0.79,16273883080,556
Printers,0.77,16280469802,854
Screens,0.6,16247495103,151
Screens,0.18,16262029940,720
Home Care,0.15,16282823484,870
Phones,0.67,16187486833,82
Screens,0.72,16237309681,758
Informatics,0.33,16144741014,826
Furniture,0.51,16199273744,699
Phones,0.62,16353389382,565
Screens,0.35,16113846792,662
Audio,0.35,16204225520,455
Printers,0.16,16287762800,524
Beauty,0.51,16257097774,680
Printers,0.23,16143509321,316
Phones,0.11,16271186100,768
Consumer Electronics,0.68,16203190312,486
Beauty,0.02,16200719490,548
Furniture,0.48,16332146070,231
Televisions,0.38,16395712000,590
Informatics,0.19,16255518011,614
Audio,0.64,16116629791,513
Consumer Electronics,0.34,16140963312,403
Informatics,0.02,16299449432,737
Audio,0.77,16151327452,572
Beauty,0.58,16306431432,127
Beauty,0.08,16195448123,634
Home Care,0.29,16358053132,418
Home Care,0.62,16305790711,403
Televisions,0.33,16253775214,511
Furniture,0.28,16364248680,427
Home Care,0.03,16101313984,58
Consumer Electronics,0.35,16196274371,165
Screens,0.04,16183290563,625
Audio,0.73,16258645410,514
Screens,0.03,16110990733,45
Home Care,0.56,16097602381,770
Screens,0.13,16126018093,723
Informatics,0.34,16134653114,92
Consumer Electronics,0.74,16174549551,21
Consumer Electronics,0.68,16280419964,881
Consumer Electronics,0.04,16370786500,118
Informatics,0.1,16389603113,723
Furniture,0.38,16312202212,79
Screens,0.08,16095104340,29
Screens,0.8,16219058453,750
Televisions,0.29,16370873382,369
Furniture,0.79,16292992660,573
Consumer Electronics,0.71,16329244762,872
Phones,0.05,16183342671,595
Televisions,0.8,16312821572,855
Beauty,0.43,16095962271,862
Home Care,0.44,16346461680,115
Televisions,0.14,16386084481,445
Phones,0.24,16325310610,813
Home Care,0.63,16167356114,350
Home Care,0.78,16401882482,637
Screens,0.43,16283294481,152
Televisions,0.01,16408339430,346
Printers,0.38,16223017120,153
Home Care,0.01,16303712043,393
Beauty,0.77,16187980692,443
Screens,0.31,16370489254,804
Screens,0.19,16277220224,165
Audio,0.51,16111981743,496
Beauty,0.13,16238664731,167
Consumer Electronics,0.08,16127332840,205
Printers,0.26,16390811104,750
Televisions,0.29,16153553041,265
Beauty,0.27,16358229284,255
Printers,0.49,16350579150,349
Consumer Electronics,0.18,16211156931,759
Printers,0.09,16363162000,279
Televisions,0.44,16116917452,891
Televisions,0.63,16103250333,573
Screens,0.1,16155304974,2
Printers,0.31,16214244251,507
Consumer Electronics,0.8,16324596854,188
Home Care,0.3,16238594031,225
Printers,0.35,16378607640,579
Beauty,0.76,16390614421,638
Phones,0.09,16369934040,659
Home Care,0.75,16226873641,402
Televisions,0.35,16106514214,509
Consumer Electronics,0.72,16296128880,128
Screens,0.44,16298755644,869
Printers,0.56,16344188560,743
Audio,0.11,16371734281,745
Phones,0.2,16236357002,759
Informatics,0.77,16297373714,86
Consumer Electronics,0.67,16217459052,538
Informatics,0.58,16256307150,672
Printers,0.31,16260418270,200
Furniture,0.03,16278840252,45
Televisions,0.59,16135654320,176
Furniture,0.39,16178873024,859
Beauty,0.62,16315504222,62
Audio,0.74,16109944924,74
Audio,0.27,16241624773,151
Informatics,0.3,16232971250,138
Audio,0.33,16179075092,817
Beauty,0.24,16143714083,420
Consumer Electronics,0.28,16276226362,239
Printers,0.4,16346912334,638
Audio,0.72,16388959412,840
Informatics,0.3,16399974221,375
Televisions,0.59,16297886373,494
Home Care,0.14,16296993772,2
Furniture,0.5,16119306963,591
Audio,0.61,16145878173,826
Home Care,0.7,16250654244,833
Audio,0.78,16155619014,589
Televisions,0.48,16366040230,537
Televisions,0.14,16281095053,263
Consumer Electronics,0.42,16366873451,437
Audio,0.11,16354866170,547
Screens,0.7,16191561613,799
Phones,0.62,16385906633,346
Phones,0.06,16213497001,689
Beauty,0.46,16159028880,731
Screens,0.5,16160543143,745
Audio,0.19,16251084393,10
Printers,0.24,16121947332,798
Televisions,0.07,16283708214,370
Consumer Electronics,0.22,16192698173,886
Televisions,0.27,16323989722,871
Audio,0.15,16122454871,881
Furniture,0.07,16138453761,192
Beauty,0.59,16228795673,377
Televisions,0.59,16274348411,714
Printers,0.12,16288518654,322
Screens,0.21,16349097841,243
Printers,0.36,16172841393,258
Audio,0.64,16148814584,693
Informatics,0.17,16277756443,787
Consumer Electronics,0.13,16292233140,456
Furniture,0.68,16103997492,450
Printers,0.45,16216999273,487
Printers,0.04,16233327770,519
Furniture,0.64,16296160783,550
Beauty,0.15,16272462984,282
Phones,0.72,16275705521,318
Phones,0.1,16224553251,660
Furniture,0.64,16252756431,132
Screens,0.74,16318701983,819
Consumer Electronics,0.72,16291577443,327
Printers,0.03,16210685902,269
Furniture,0.37,16390585562,149
Consumer Electronics,0.69,16155851160,291
Home Care,0.49,16336274354,259
Screens,0.29,16201139241,671
Consumer Electronics,0.77,16293895462,792
Informatics,0.3,16129340804,419
Phones,0.38,16158205540,851
Beauty,0.37,16382074631,714
Printers,0.05,16295307261,164
Audio,0.11,16144004742,106
Televisions,0.6,16123087590,397
Televisions,0.48,16191782484,269
Phones,0.61,16290273382,32
Furniture,0.16,16257188413,689
Screens,0.7,16404361821,410
Televisions,0.24,16244712402,895
Televisions,0.77,16191426001,140
Printers,0.21,16330557661,297
Audio,0.56,16298384151,428
Televisions,0.39,16147075002,526
Informatics,0.3,16265767144,825
Beauty,0.7,16262939122,183
Consumer Electronics,0.28,16096658194,782
Home Care,0.02,16197635571,461
Screens,0.34,16142788510,709
Printers,0.64,16304257601,558
Televisions,0.76,16235509613,787
Printers,0.19,16125335711,244
Furniture,0.18,16312832922,290
Furniture,0.52,16233186944,349
Phones,0.6,16340379340,171
Beauty,0.31,16104485604,590
Phones,0.6,16227076860,211
Audio,0.21,16319854600,0
Consumer Electronics,0.29,16341116084,850
Consumer Electronics,0.28,16208499042,55
Printers,0.57,16311293163,284
Screens,0.22,16408830210,848
Phones,0.56,16354299352,633
Phones,0.14,16239429932,518
Beauty,0.32,16216600124,633
Informatics,0.62,16400235313,184
Furniture,0.05,16298029602,464
Home Care,0.22,16221627554,57
Televisions,0.5,16393537280,784
Printers,0.27,16390156102,624
Informatics,0.78,16306959844,734
Consumer Electronics,0.36,16255656942,322
Informatics,0.43,16243833510,678
Beauty,0.0,16261126023,495
Televisions,0.72,16121416614,551
Printers,0.74,16232570082,119
Informatics,0.1,16345192640,209
Informatics,0.56,16394148720,690
Home Care,0.7,16118324503,97
Phones,0.36,16115425601,335
Furniture,0.58,16203945640,533
Printers,0.49,16310076182,115
Informatics,0.04,16137209654,35
Home Care,0.55,16175762383,166
Screens,0.05,16332543743,230
Phones,0.4,16100026464,722
Furniture,0.78,16236183533,195
Phones,0.62,16270259491,308
Home Care,0.77,16327953930,289
Furniture,0.53,16275819833,835
Home Care,0.6,16343282793,746
Printers,0.23,16195781574,880
Furniture,0.67,16215834072,487
Consumer Electronics,0.46,16365970582,816
Furniture,0.13,16221366513,329
Beauty,0.58,16134765284,716
Beauty,0.28,16330563272,208
Home Care,0.57,16218031221,125
Audio,0.41,16145581373,345
Televisions,0.69,16285634794,189
Screens,0.35,16105493814,200
Televisions,0.75,16358822920,199
Audio,0.14,16154217223,152
Phones,0.05,16158699064,844
Phones,0.15,16133807840,639
Informatics,0.37,16189105811,725
Printers,0.56,16177591081,170
Printers,0.16,16253764483,590
Informatics,0.09,16347255642,813
Furniture,0.42,16201122394,427
Televisions,0.73,16251290730,444
Consumer Electronics,0.48,16242404980,535
Audio,0.27,16351676411,157
Consumer Electronics,0.69,16326064663,718
Furniture,0.06,16158323760,626
Consumer Electronics,0.62,16398754101,1
Phones,0.37,16330891251,793
Beauty,0.27,16316602333,810
Consumer Electronics,0.69,16396590622,661
Screens,0.25,16230159524,443
Beauty,0.14,16218655802,345
Home Care,0.2,16399237432,42
Home Care,0.59,16322446170,760
Beauty,0.64,16175359934,28
Printers,0.29,16216615882,291
Beauty,0.39,16167690480,676
Phones,0.7,16382399553,802
Furniture,0.79,16314852614,476
Furniture,0.16,16167809720,283
Consumer Electronics,0.27,16268147450,849
Consumer Electronics,0.32,16127019414,895
Screens,0.09,16102114343,229
Screens,0.68,16096884310,30
Beauty,0.32,16264219604,528
Furniture,0.21,16144386130,324
Beauty,0.79,16133363772,572
Printers,0.31,16304747660,529
Phones,0.61,16230269430,6
Televisions,0.01,16186518722,705
Audio,0.04,16251664452,171
Furniture,0.76,16383384013,335
Printers,0.48,16231541662,675
Phones,0.66,16157283352,534
Printers,0.25,16186275911,707
Audio,0.67,16229307504,894
Home Care,0.02,16275032450,383
Televisions,0.54,16177915921,813
Home Care,0.43,16312428320,244
Printers,0.1,16124722624,282
Printers,0.26,16366777774,110
Informatics,0.61,16129663294,227
Audio,0.06,16374307100,420
Beauty,0.55,16215016561,615
Informatics,0.5,16159163593,254
Informatics,0.63,16192997922,57
Televisions,0.47,16376745123,465
Televisions,0.09,16313883922,263
Informatics,0.41,16180653500,799
Consumer Electronics,0.49,16360770194,201
Televisions,0.36,16121559800,710
Home Care,0.01,16227668752,108
Consumer Electronics,0.36,16114691392,431
Screens,0.18,16131494222,761
Furniture,0.1,16097583833,451
Beauty,0.37,16344476571,823
Beauty,0.14,16261159120,2
Informatics,0.41,16235254690,733
Consumer Electronics,0.72,16163693732,61
Informatics,0.08,16188091604,805
Informatics,0.02,16253816862,42
Printers,0.34,16362273143,386
Home Care,0.57,16372124642,118
Audio,0.61,16330884480,613
Televisions,0.55,16224351624,757
Beauty,0.18,16117067402,667
Screens,0.65,16328557541,593
Audio,0.74,16288071142,341
Screens,0.1,16380216364,290
Beauty,0.26,16216809380,11
Consumer Electronics,0.56,16122893012,756
Furniture,0.17,16142925800,579
Informatics,0.55,16240981040,268
Informatics,0.01,16226837414,897
Beauty,0.53,16264900881,632
Printers,0.24,16361345384,548
Informatics,0.17,16369614654,897
Home Care,0.46,16257478222,856
Consumer Electronics,0.35,16197286902,422
Furniture,0.18,16407544574,72
Printers,0.04,16318862873,674
Consumer Electronics,0.61,16180669972,535
Printers,0.04,16343527124,337
Phones,0.5,16278792623,505
Screens,0.42,16207231043,886
Screens,0.35,16113996373,553
Phones,0.66,16138207523,732
Beauty,0.69,16359137592,108
Consumer Electronics,0.36,16131546203,695
Phones,0.47,16123935781,289
Consumer Electronics,0.38,16247259812,399
Furniture,0.63,16288024874,799
Phones,0.44,16265111891,37
Home Care,0.14,16200067154,649
Screens,0.12,16174343742,604
Televisions,0.39,16400423212,722
Printers,0.17,16269119870,402
Televisions,0.61,16144404491,84
Consumer Electronics,0.65,16194080721,726
Televisions,0.09,16125676851,89
Home Care,0.41,16099515213,626
Audio,0.21,16379657804,134
Informatics,0.1,16213960180,351
Consumer Electronics,0.69,16252952333,282
Phones,0.7,16264785664,194
Consumer Electronics,0.34,16401821203,291
Screens,0.36,16280731831,521
Audio,0.14,16209898231,70
Printers,0.73,16393134202,74
Phones,0.7,16282861044,882
Phones,0.4,16173955072,717
Home Care,0.16,16317229513,469
Home Care,0.24,16391770221,595
Audio,0.34,16104810430,589
Furniture,0.76,16184380602,646
Beauty,0.73,16196973382,786
Furniture,0.11,16286079472,432
Phones,0.15,16381669402,57
Home Care,0.3,16351728092,645
Audio,0.68,16159052910,44
Audio,0.03,16251989871,877
Home Care,0.14,16113597760,822
Beauty,0.46,16232817242,657
Audio,0.62,16377226513,601
Audio,0.12,16308297490,861
Audio,0.34,16391187094,318
Screens,0.03,16202875020,806
Consumer Electronics,0.15,16263366983,436
Home Care,0.34,16199915424,28
Beauty,0.74,16334775492,665
Phones,0.56,16344729721,207
Phones,0.66,16175532603,734
Consumer Electronics,0.26,16158781161,371
Beauty,0.39,16140703841,787
Screens,0.3,16151648713,349
Furniture,0.07,16181103644,85
Phones,0.03,16388278714,143
Informatics,0.73,16153494330,127
Furniture,0.73,16182705761,173
Televisions,0.6,16261604051,137
Audio,0.0,16368301663,606
Printers,0.59,16311485003,564
Televisions,0.3,16131276530,535
Informatics,0.59,16101096511,469
Furniture,0.29,16368898522,286
Consumer Electronics,0.25,16396162162,207
Beauty,0.17,16201132531,437
Beauty,0.77,16118793081,194
Home Care,0.58,16275438853,343
Audio,0.56,16107584624,126
Consumer Electronics,0.64,16128547080,843
Beauty,0.23,16396932872,540
Informatics,0.08,16153091283,794
Screens,0.35,16168862712,731
Informatics,0.08,16215963923,408
Printers,0.55,16289053381,437
Informatics,0.21,16179524221,747
Informatics,0.49,16385026681,467
Informatics,0.51,16312915382,796
Printers,0.41,16139096780,424
Screens,0.06,16239109840,829
Screens,0.19,16121122133,217
Home Care,0.73,16371272394,804
Informatics,0.46,16357360813,303
Consumer Electronics,0.7,16293293973,514
Beauty,0.5,16361514900,103
Home Care,0.78,16285391100,381
Televisions,0.13,16304741343,324
Phones,0.46,16224616010,564
Beauty,0.26,16164282904,483
Printers,0.18,16327750523,260
Furniture,0.41,16153970004,164
Beauty,0.29,16167716211,653
Informatics,0.46,16407905990,325
Screens,0.69,16306466330,692
Beauty,0.11,16390646353,225
Consumer Electronics,0.06,16298187034,8
Furniture,0.27,16127291783,108
Beauty,0.43,16397993201,493
Printers,0.64,16385068750,738
Printers,0.19,16290432052,304
Printers,0.08,16277542073,570
Consumer Electronics,0.23,16248713001,306
Beauty,0.6,16314836953,264
Screens,0.34,16301243584,184
Consumer Electronics,0.39,16142906752,875
Consumer Electronics,0.48,16354942964,8
Furniture,0.61,16375567481,347
Furniture,0.18,16401908970,812
Televisions,0.78,16157565473,48
Furniture,0.39,16137088764,558
Consumer Electronics,0.0,16214421483,281
Screens,0.5,16210910180,488
Audio,0.6,16307757614,539
Furniture,0.09,16320368700,119
Furniture,0.35,16375600520,533
Beauty,0.64,16217347641,534
Screens,0.55,16118646964,770
Printers,0.01,16099734944,469
Informatics,0.62,16119628481,191
Informatics,0.47,16168594243,284
Furniture,0.44,16363122132,589
Informatics,0.69,16300647444,518
Printers,0.27,16118064772,115
Beauty,0.3,16155754192,807
Beauty,0.36,16152527873,227
Printers,0.3,16392678944,557
Consumer Electronics,0.47,16162328990,175
Televisions,0.34,16396244963,172
Televisions,0.33,16211931724,481
Audio,0.29,16172617820,184
Consumer Electronics,0.59,16111535331,494
Consumer Electronics,0.1,16309596464,582
Screens,0.65,16210550833,1
Screens,0.02,16385661423,320
Televisions,0.73,16131321270,346
Home Care,0.47,16182467542,431
Informatics,0.07,16214305474,418
Printers,0.34,16389422692,301
Beauty,0.72,16137159543,723
Televisions,0.34,16212336030,232
Televisions,0.07,16125494180,177
Home Care,0.54,16283098160,284
Phones,0.23,16308417182,829
Consumer Electronics,0.15,16098688391,714
Home Care,0.71,16316726431,144
Beauty,0.48,16187195111,378
Beauty,0.17,16253095980,138
Informatics,0.57,16389253064,765
Home Care,0.16,16361171342,66
Beauty,0.18,16200689540,703
Phones,0.78,16257358281,796
Televisions,0.13,16320906423,397
Screens,0.08,16185342213,162
Home Care,0.32,16228819820,1
Home Care,0.03,16301050671,626
Informatics,0.77,16223102853,375
Informatics,0.64,16342331552,333
Audio,0.22,16210096700,307
Audio,0.65,16141775803,237
Beauty,0.41,16320311820,16
Screens,0.15,16337958850,885
Printers,0.51,16213889972,458
Informatics,0.22,16230124531,621
Furniture,0.25,16233569741,637
Printers,0.23,16210844984,111
Phones,0.33,16114073872,75
Informatics,0.14,16145435050,633
Phones,0.12,16108878030,538
Consumer Electronics,0.28,16331332251,815
Furniture,0.02,16115938763,0
Televisions,0.32,16380925524,662
Audio,0.49,16105113423,647
Screens,0.62,16107960394,760
Printers,0.03,16299615752,511
Printers,0.46,16292611813,299
Informatics,0.53,16269938633,251
Screens,0.75,16254563473,234
Audio,0.3,16168234182,821
Televisions,0.25,16335046563,563
Informatics,0.61,16200436133,749
Home Care,0.25,16196463073,784
Furniture,0.13,16113735540,148
Beauty,0.44,16212438611,764
Phones,0.75,16343017212,273
Home Care,0.31,16270576942,300
Printers,0.66,16283228633,90
Phones,0.27,16179743831,631
Informatics,0.34,16347590262,60
Phones,0.14,16100412374,545
Informatics,0.49,16220517244,802
Audio,0.75,16235917961,392
Phones,0.75,16369343963,120
Consumer Electronics,0.57,16114296702,73
Audio,0.09,16309818572,818
Televisions,0.8,16315103693,332
Beauty,0.17,16409473074,424
Home Care,0.68,16205940704,270
Beauty,0.48,16115293652,341
Consumer Electronics,0.12,16400277981,157
Home Care,0.24,16274729372,880
Informatics,0.02,16156723150,348
Home Care,0.51,16377954913,835
Televisions,0.58,16351172763,445
Consumer Electronics,0.02,16159135063,190
Consumer Electronics,0.11,16247541170,263
Audio,0.55,16314439780,721
Consumer Electronics,0.57,16394966280,687
Furniture,0.58,16362609963,585
Informatics,0.39,16166870980,376
Home Care,0.6,16251867840,528
Home Care,0.61,16377340220,505
Informatics,0.33,16295709742,798
Consumer Electronics,0.79,16366568384,416
Furniture,0.29,16137224192,867
Phones,0.32,16312651710,13
Audio,0.69,16302530290,237
Printers,0.78,16103788030,41
Beauty,0.37,16221314804,884
Printers,0.55,16252795324,524
Printers,0.57,16376558361,878
Home Care,0.62,16332595180,55
Televisions,0.06,16354341363,283
Televisions,0.35,16251764653,373
Screens,0.31,16400695953,587
Consumer Electronics,0.15,16185739612,414
Consumer Electronics,0.26,16309071711,408
Informatics,0.52,16131109670,900
Televisions,0.18,16404698402,682
Screens,0.8,16124215471,628
Televisions,0.06,16177554292,55
Home Care,0.06,16233333471,579
Furniture,0.52,16222942622,371
Furniture,0.5,16335649411,666
Phones,0.57,16247011181,551
Screens,0.47,16288146500,664
Phones,0.76,16280034460,337
Printers,0.38,16211407704,335
Consumer Electronics,0.63,16385905612,483
Screens,0.68,16382750404,152
Informatics,0.68,16154941694,127
Informatics,0.4,16166330144,290
Beauty,0.41,16152044832,229
Televisions,0.47,16194642380,869
Televisions,0.16,16296287623,470
Informatics,0.4,16200091922,71
Audio,0.68,16253643233,754
Televisions,0.27,16235504751,361
Phones,0.5,16382165191,815
Audio,0.46,16275670171,144
Audio,0.75,16327334461,236
Printers,0.26,16277976403,532
Audio,0.35,16367413040,208
Screens,0.73,16208896792,420
Furniture,0.44,16312306670,161
Screens,0.62,16257456322,637
Informatics,0.38,16127449982,371
Phones,0.69,16374919854,469
Phones,0.12,16320189450,76
Audio,0.22,16315078760,20
Consumer Electronics,0.57,16392157234,106
Phones,0.79,16374725853,586
Informatics,0.39,16149843032,492
Consumer Electronics,0.54,16117590863,874
Televisions,0.13,16390743604,820
Televisions,0.16,16128881994,82
Home Care,0.18,16381263933,763
Printers,0.25,16290323021,504
Phones,0.53,16120075130,775
Beauty,0.16,16273870760,286
Printers,0.55,16166095892,480
Printers,0.11,16275222514,181
Audio,0.34,16281080590,340
Printers,0.3,16359996730,305
Furniture,0.08,16200477742,86
Beauty,0.42,16126325633,887
Screens,0.04,16186043543,898
Home Care,0.18,16240988384,150
Screens,0.73,16142038551,557
Furniture,0.56,16152631214,262
Audio,0.76,16175856713,305
Phones,0.05,16247878793,633
Informatics,0.79,16179586912,687
Informatics,0.71,16280866971,53
Home Care,0.55,16266055720,347
Audio,0.67,16223960402,358
Home Care,0.59,16248694364,618
Phones,0.44,16184816701,621
Televisions,0.53,16309744383,420
Home Care,0.77,16111138491,40
Beauty,0.42,16359353630,306
Audio,0.44,16306422040,379
Phones,0.28,16362224984,538
Furniture,0.73,16144808183,233
Televisions,0.75,16346385410,57
Furniture,0.33,16341128874,759
Printers,0.23,16327834022,351
Home Care,0.71,16264222561,245
Furniture,0.77,16253532391,48
Printers,0.27,16260370031,316
Consumer Electronics,0.64,16273142144,58
Printers,0.15,16273780383,808
Phones,0.6,16169685421,896
Televisions,0.5,16310136853,399
Audio,0.34,16126051483,879
Phones,0.72,16177161674,736
Informatics,0.44,16208929113,603
Beauty,0.72,16146703312,697
Informatics,0.06,16230890564,362
Televisions,0.16,16153296340,82
Televisions,0.47,16370013642,833
Screens,0.14,16375088190,18
Screens,0.57,16297169850,682
Printers,0.32,16157489534,83
Printers,0.51,16094993862,446
Audio,0.18,16383343584,863
Furniture,0.41,16353912051,152
Informatics,0.38,16202504973,718
Televisions,0.02,16158609994,508
Phones,0.39,16150769790,0
Phones,0.08,16372306334,570
Phones,0.42,16157321084,707
Beauty,0.37,16220126140,354
Beauty,0.32,16336755630,257
Home Care,0.43,16144198024,137
Phones,0.68,16260103743,846
Screens,0.13,16100881913,126
Furniture,0.45,16307624681,546
Beauty,0.34,16299659261,27
Televisions,0.76,16389089490,745
Printers,0.06,16108982312,29
Home Care,0.76,16218575900,442
Informatics,0.51,16392610262,721
Furniture,0.73,16390641170,864
Beauty,0.55,16239162074,293
Screens,0.45,16210562694,633
Printers,0.28,16354169650,0
Audio,0.14,16155151494,535
Beauty,0.19,16364146020,316
Beauty,0.08,16399740191,300
Beauty,0.32,16149469690,247
Home Care,0.55,16307125383,730
Printers,0.15,16273605194,162
Audio,0.34,16122890263,385
Beauty,0.4,16240675932,35
Consumer Electronics,0.79,16376647991,363
Phones,0.16,16379898012,676
Screens,0.2,16275223231,111
Printers,0.6,16281028582,835
Beauty,0.48,16240986334,436
Screens,0.53,16309244114,108
Audio,0.6,16331705152,166
Televisions,0.38,16276470223,779
Furniture,0.72,16305331400,613
Informatics,0.35,16322587872,553
Beauty,0.03,16212955724,151
Phones,0.1,16196883940,402
Printers,0.03,16126527900,505
Beauty,0.34,16300166920,783
Home Care,0.08,16378924954,593
Consumer Electronics,0.79,16379277570,178
Screens,0.65,16370091834,145
Consumer Electronics,0.7,16148239984,330
Phones,0.36,16403788124,455
Audio,0.33,16371092093,490
Home Care,0.57,16173054254,570
Audio,0.63,16118833840,621
Screens,0.51,16104900793,588
Consumer Electronics,0.11,16227242042,107
Screens,0.23,16152291761,375
Beauty,0.68,16359557594,428
Printers,0.4,16294321424,850
Screens,0.65,16406186334,221
Beauty,0.22,16368820401,839
Phones,0.22,16381977732,322
Phones,0.3,16137667141,221
Printers,0.74,16356115731,647
Informatics,0.45,16221346530,698
Televisions,0.6,16326692623,679
Audio,0.56,16346306982,715
Home Care,0.15,16325064181,515
Informatics,0.48,16348418650,569
Audio,0.24,16264298883,78
Audio,0.28,16340832840,737
Home Care,0.75,16187852600,80
Screens,0.68,16209093741,443
Home Care,0.44,16387118974,474
Televisions,0.08,16180887652,327
Furniture,0.77,16375161950,866
Home Care,0.67,16136954811,647
Consumer Electronics,0.17,16094746640,786
Home Care,0.27,16215052354,780
Furniture,0.42,16189864772,33
Televisions,0.14,16332885603,569
Printers,0.34,16249484882,375
Consumer Electronics,0.23,16333621213,491
Consumer Electronics,0.31,16230403574,815
Audio,0.01,16100392651,657
Screens,0.27,16294822622,666
Screens,0.35,16354571510,194
Screens,0.23,16234887611,575
Screens,0.61,16279791813,669
Printers,0.01,16153249850,27
Audio,0.55,16342779611,98
Consumer Electronics,0.36,16394171912,311
Consumer Electronics,0.52,16119021731,698
Home Care,0.08,16278725031,815
Beauty,0.41,16349461502,406
Furniture,0.34,16383510134,473
Audio,0.4,16190568912,364
Consumer Electronics,0.29,16348330243,847
Phones,0.37,16103616900,708
Beauty,0.17,16239960660,181
Audio,0.46,16185265531,861
Informatics,0.29,16387181353,367
Home Care,0.01,16097039894,50
Screens,0.78,16262357164,556
Consumer Electronics,0.3,16244554931,28
Printers,0.77,16393130950,883
Beauty,0.34,16105631224,225
Informatics,0.4,16113624242,825
Televisions,0.79,16282401720,495
Printers,0.33,16148126051,783
Audio,0.24,16114314691,95
Informatics,0.69,16254373474,491
Televisions,0.68,16365506512,501
Phones,0.57,16146314141,476
Screens,0.54,16407517520,513
Printers,0.33,16407251623,806
Printers,0.14,16263165743,705
Phones,0.7,16220959094,54
Consumer Electronics,0.24,16270217482,323
Informatics,0.03,16241649573,717
Beauty,0.22,16172849180,569
Televisions,0.41,16169826892,506
Furniture,0.75,16310597591,264
Phones,0.38,16365760921,387
Printers,0.39,16261717521,274
Printers,0.03,16125572104,191
Printers,0.64,16339302032,658
Printers,0.05,16202521234,284
Furniture,0.48,16320286262,165
Beauty,0.31,16213064922,141
Audio,0.44,16386835224,313
Informatics,0.63,16356129304,212
Informatics,0.33,16159550644,827
Consumer Electronics,0.76,16357647752,226
Beauty,0.06,16393129554,200
Televisions,0.58,16240221014,633
Audio,0.61,16161409623,78
Home Care,0.42,16202884583,769
Informatics,0.12,16263379872,656
Furniture,0.17,16389057264,304
Consumer Electronics,0.24,16257238034,238
Furniture,0.13,16223968000,832
Printers,0.58,16396799943,351
Informatics,0.45,16269178284,509
Furniture,0.52,16170948074,883
Printers,0.12,16330334993,225
Consumer Electronics,0.11,16360998950,629
Printers,0.45,16398065220,268
Audio,0.6,16229830462,707
Printers,0.72,16325074054,329
Phones,0.01,16325026554,361
Televisions,0.42,16233142492,249
Beauty,0.03,16147957642,149
Consumer Electronics,0.15,16185730410,673
Beauty,0.19,16291352130,453
Screens,0.69,16298248050,594
Screens,0.46,16313349272,493
Printers,0.47,16294797403,580
Televisions,0.28,16356985082,318
Televisions,0.18,16098823743,180
Printers,0.69,16331736621,156
Phones,0.67,16128627234,751
Furniture,0.37,16372861490,183
Audio,0.22,16177822572,479
Consumer Electronics,0.13,16151337302,522
Informatics,0.76,16173386832,704
Audio,0.68,16386574433,154
Printers,0.03,16161245472,267
Audio,0.14,16217723642,207
Screens,0.69,16256812683,129
Phones,0.58,16295867541,415
Phones,0.39,16148134070,604
Informatics,0.04,16208514630,804
Furniture,0.47,16382036101,134
Consumer Electronics,0.08,16151062974,212
Beauty,0.42,16126794941,900
Printers,0.54,16245698364,329
Screens,0.17,16222951200,419
Phones,0.8,16156411121,731
Printers,0.16,16226970812,639
Informatics,0.09,16200082222,884
Televisions,0.31,16370630242,158
Phones,0.35,16228868460,809
Consumer Electronics,0.4,16294791704,594
Furniture,0.07,16153519380,684
Printers,0.4,16237900032,677
Printers,0.26,16330391110,384
Audio,0.34,16408725500,426
Informatics,0.2,16241124124,733
Consumer Electronics,0.31,16358200070,694
Home Care,0.67,16141613060,505
Home Care,0.43,16120540670,727
Televisions,0.13,16205456874,820
Audio,0.23,16202496820,226
Furniture,0.29,16294277853,626
Audio,0.27,16128706432,66
Furniture,0.78,16157107253,491
Furniture,0.48,16232140503,629
Home Care,0.53,16231134640,463
Televisions,0.0,16243958184,320
Audio,0.46,16126958044,436
Consumer Electronics,0.03,16111980232,369
Televisions,0.05,16173630853,572
Consumer Electronics,0.7,16184250200,707
Informatics,0.64,16333063703,512
Consumer Electronics,0.68,16270735721,666
Screens,0.25,16202495313,273
Audio,0.36,16395397961,386
Informatics,0.52,16226190784,263
Printers,0.48,16125395062,578
Informatics,0.6,16133187092,736
Furniture,0.4,16129214574,273
Home Care,0.55,16262002010,245
Beauty,0.16,16248546724,594
Televisions,0.78,16357695622,407
Audio,0.26,16371055084,583
Screens,0.07,16241967674,588
Furniture,0.16,16105700922,243
Audio,0.63,16266136934,720
Printers,0.37,16239930623,265
Phones,0.24,16188105963,600
Printers,0.11,16327435070,536
Consumer Electronics,0.62,16226138012,342
Beauty,0.22,16133853931,212
Furniture,0.01,16386121413,649
Printers,0.29,16256917994,133
Home Care,0.76,16125192413,186
Televisions,0.36,16095387681,111
Screens,0.05,16250688894,894
Screens,0.53,16189722674,151
Audio,0.79,16252011902,849
Televisions,0.56,16104025044,482
Beauty,0.09,16366520882,376
Printers,0.64,16367570984,686
Screens,0.38,16211855342,659
Informatics,0.13,16096902521,71
Home Care,0.11,16187138550,750
Home Care,0.01,16393563494,664
Printers,0.25,16126158684,312
Furniture,0.52,16140524743,159
Audio,0.2,16248328380,627
Consumer Electronics,0.75,16117690071,522
Home Care,0.15,16300013902,205
Beauty,0.03,16096825583,796
Home Care,0.12,16225153643,392
Informatics,0.06,16258321204,212
Printers,0.36,16321143863,770
Beauty,0.38,16169762690,501
Audio,0.11,16229028563,279
Audio,0.72,16314412914,299
Beauty,0.2,16124170640,349
Phones,0.32,16300787952,285
Home Care,0.43,16250477760,233
Home Care,0.37,16148692500,882
Televisions,0.13,16342991424,308
Informatics,0.63,16139121674,6
Consumer Electronics,0.08,16176237942,308
Printers,0.61,16098930434,336
Screens,0.7,16263162320,739
Phones,0.09,16335706212,181
Phones,0.26,16275833481,790
Audio,0.64,16287159404,447
Screens,0.47,16266334953,859
Informatics,0.56,16313250983,844
Furniture,0.67,16339809582,814
Phones,0.07,16104285891,744
Home Care,0.11,16183690682,403
Beauty,0.77,16271000663,294
Consumer Electronics,0.66,16284566320,482
Consumer Electronics,0.14,16381727583,313
Televisions,0.59,16222575473,773
Phones,0.08,16385050124,441
Phones,0.69,16100789454,137
Screens,0.55,16156687934,342
Informatics,0.29,16265008721,29
Consumer Electronics,0.51,16223330381,38
Audio,0.45,16402195952,670
Beauty,0.28,16393555142,434
Audio,0.01,16307189312,469
Furniture,0.14,16319286951,690
Printers,0.48,16361778661,558
Screens,0.35,16116136514,146
Home Care,0.09,16248983301,691
Phones,0.61,16317299132,56
Televisions,0.66,16400296901,421
Audio,0.12,16255591250,758
Consumer Electronics,0.78,16172315601,377
Phones,0.05,16195153191,741
Informatics,0.31,16135419050,885
Home Care,0.4,16218753614,164
Screens,0.4,16292120590,459
Screens,0.79,16343199381,332
Beauty,0.37,16218131251,329
Informatics,0.12,16267080363,196
Phones,0.35,16155745311,402
Consumer Electronics,0.75,16381022703,841
Beauty,0.18,16350024642,24
Printers,0.47,16242132840,816
Televisions,0.16,16375164872,810
Phones,0.58,16165600354,689
Consumer Electronics,0.76,16287801290,724
Consumer Electronics,0.23,16405483930,843
Informatics,0.51,16374383530,889
Home Care,0.36,16371835212,785
Home Care,0.66,16248297073,451
Phones,0.59,16138933721,481
Furniture,0.47,16263899623,636
Beauty,0.1,16295551561,672
Phones,0.52,16235538391,183
Home Care,0.06,16099533124,340
Televisions,0.58,16343167031,470
Informatics,0.44,16237908542,886
Printers,0.71,16104241003,516
Furniture,0.74,16213618880,464
Audio,0.25,16213093172,741
Screens,0.63,16175130770,450
Phones,0.55,16303641574,136
Home Care,0.47,16131605771,250
Consumer Electronics,0.18,16369488644,512
Screens,0.19,16209370734,381
Consumer Electronics,0.73,16174743121,479
Beauty,0.2,16305697064,727
Beauty,0.45,16177866593,141
Audio,0.5,16225693243,55
Phones,0.54,16393635462,889
Home Care,0.27,16240530724,824
Screens,0.76,16189885244,880
Informatics,0.28,16303700190,8
Printers,0.25,16099272150,553
Beauty,0.05,16165136044,365
Printers,0.73,16094776464,81
Printers,0.21,16351328651,237
Furniture,0.43,16347534831,578
Audio,0.17,16245790191,446
Consumer Electronics,0.38,16395343923,246
Audio,0.46,16366999854,80
Screens,0.63,16291003583,106
Televisions,0.66,16270931722,375
Consumer Electronics,0.28,16300847142,233
Phones,0.08,16370032973,365
Phones,0.71,16381412000,124
Consumer Electronics,0.47,16264438310,118
Audio,0.7,16173056783,202
Consumer Electronics,0.42,16145504690,317
Printers,0.12,16303922544,473
Consumer Electronics,0.67,16269566943,600
Phones,0.48,16139124803,882
Printers,0.74,16269427301,471
Audio,0.21,16206072741,185
Printers,0.64,16101844384,567
Phones,0.78,16313101671,514
Printers,0.44,16293180854,280
Home Care,0.17,16355900570,167
Furniture,0.17,16287722052,502
Phones,0.11,16333639720,235
Screens,0.58,16376645981,368
Audio,0.61,16392315112,557
Informatics,0.08,16389068364,749
Furniture,0.38,16308083961,814
Informatics,0.26,16287639390,819
Printers,0.49,16230683010,137
Audio,0.37,16169166863,133
Phones,0.64,16126903414,404
Screens,0.1,16232753181,562
Consumer Electronics,0.06,16146362754,679
Printers,0.78,16159173333,84
Phones,0.79,16208209451,864
Printers,0.03,16370411744,818
Beauty,0.39,16209121781,270
Printers,0.04,16277147172,831
Audio,0.7,16354025502,307
Informatics,0.29,16116561190,747
Consumer Electronics,0.31,16291062411,559
Printers,0.63,16246178144,898
Consumer Electronics,0.48,16387617240,359
Furniture,0.46,16272317210,314
Printers,0.45,16248683221,386
Phones,0.24,16394688273,453
Informatics,0.1,16313573471,716
Consumer Electronics,0.5,16138718874,561
Beauty,0.16,16181272131,64
Consumer Electronics,0.1,16188944253,372
Furniture,0.14,16356301464,600
Home Care,0.15,16221400610,238
Phones,0.41,16354662872,872
Screens,0.63,16306829393,877
Televisions,0.37,16196944561,390
Consumer Electronics,0.27,16121448344,92
Informatics,0.11,16194952032,781
Consumer Electronics,0.48,16249238612,785
Home Care,0.58,16109453421,541
Furniture,0.22,16303864774,499
Phones,0.25,16135829704,899
Home Care,0.63,16161208692,438
Audio,0.79,16335480924,17
Beauty,0.49,16132150201,407
Audio,0.49,16187616813,505
Phones,0.34,16338597763,699
Informatics,0.43,16288857531,477
Home Care,0.28,16377044462,628
Consumer Electronics,0.61,16164955732,513
Consumer Electronics,0.67,16279677482,5
Screens,0.53,16313259521,563
Audio,0.18,16188253162,128
Home Care,0.16,16396230062,821
Screens,0.76,16103941484,573
Beauty,0.54,16128923192,57
Printers,0.38,16310739183,118
Televisions,0.79,16269564640,472
Televisions,0.07,16219936124,99
Screens,0.1,16375127163,646
Audio,0.36,16389260662,90
Screens,0.58,16263009072,836
Audio,0.67,16333259854,287
Televisions,0.38,16194963151,761
Beauty,0.42,16147140693,779
Beauty,0.43,16183329880,361
Screens,0.49,16332489723,517
Audio,0.75,16191066342,493
Phones,0.67,16367710520,333
Consumer Electronics,0.15,16182998491,608
Phones,0.43,16257783014,306
Home Care,0.62,16363727503,138
Informatics,0.24,16232789483,98
Furniture,0.29,16337174842,659
Audio,0.49,16110776733,775
Beauty,0.15,16344068174,594
Home Care,0.47,16127521081,275
Screens,0.59,16149104104,353
Furniture,0.62,16199604250,519
Beauty,0.63,16389575560,329
Informatics,0.09,16403373244,298
Consumer Electronics,0.54,16333389093,577
Consumer Electronics,0.63,16277611872,563
Phones,0.75,16267855310,344
Televisions,0.24,16290650174,778
Furniture,0.23,16408438101,655
Furniture,0.18,16181829951,748
Printers,0.22,16219468562,751
Beauty,0.13,16194170752,127
Televisions,0.47,16353781913,324
Screens,0.41,16194562150,585
Televisions,0.48,16356546901,323
Informatics,0.05,16107320823,661
Televisions,0.04,16192923294,249
Consumer Electronics,0.05,16191612400,262
Furniture,0.26,16142950880,287
Audio,0.37,16329553211,3
Consumer Electronics,0.7,16283845631,856
Audio,0.71,16343191331,713
Consumer Electronics,0.04,16273687132,715
Printers,0.6,16327639671,330
Screens,0.79,16218830284,757
Informatics,0.46,16182968873,233
Home Care,0.51,16168016463,630
Informatics,0.63,16172798301,868
Informatics,0.77,16358447821,60
Phones,0.54,16161142303,108
Printers,0.31,16228123773,434
Screens,0.22,16118054850,126
Consumer Electronics,0.13,16200501713,266
Informatics,0.75,16246097864,700
Consumer Electronics,0.19,16265315472,600
Audio,0.52,16129860884,271
Furniture,0.28,16227347101,356
Printers,0.0,16115597843,305
Consumer Electronics,0.6,16379168271,494
Phones,0.4,16334269952,112
Beauty,0.56,16327987354,832
Consumer Electronics,0.4,16207673403,841
Phones,0.17,16257957664,403
Screens,0.61,16215569864,416
Home Care,0.0,16186860731,698
Phones,0.5,16147916211,674
Phones,0.66,16387318904,776
Phones,0.39,16340864141,190
Furniture,0.43,16305776861,814
Televisions,0.47,16182894060,351
Beauty,0.19,16327718444,59
Consumer Electronics,0.47,16380863811,331
Screens,0.65,16372219793,577
Screens,0.31,16251953804,406
Printers,0.38,16341750411,351
Informatics,0.78,16265768602,232
Consumer Electronics,0.26,16144777053,472
Phones,0.6,16326465361,854
Furniture,0.63,16156673553,720
Home Care,0.23,16236967551,694
Phones,0.45,16365457220,348
Printers,0.3,16170428451,49
Beauty,0.1,16310081322,279
Home Care,0.68,16214212861,441
Screens,0.25,16126960934,705
Audio,0.57,16272457870,750
Home Care,0.1,16336871931,130
Televisions,0.24,16116458671,735
Printers,0.19,16400896681,11
Audio,0.65,16199598872,405
Screens,0.06,16307394074,897
Phones,0.62,16407464530,211
Printers,0.74,16278378881,532
Audio,0.31,16150840890,669
Furniture,0.04,16140308191,74
Televisions,0.09,16175628612,276
Audio,0.1,16386098080,398
Consumer Electronics,0.6,16103419670,76
Home Care,0.12,16210738030,565
Home Care,0.64,16304861850,381
Audio,0.64,16114058744,228
Screens,0.27,16395091254,609
Audio,0.67,16109820371,693
Informatics,0.21,16321436264,460
Informatics,0.25,16372084533,856
Beauty,0.08,16388694934,713
Phones,0.51,16201773274,581
Consumer Electronics,0.18,16152970872,437
Televisions,0.57,16170007362,771
Consumer Electronics,0.57,16123730672,785
Screens,0.18,16162813311,582
Informatics,0.49,16363661140,855
Printers,0.13,16366005614,324
Beauty,0.22,16357507594,891
Audio,0.26,16287909262,164
Phones,0.77,16142177622,232
Furniture,0.7,16353974642,688
Consumer Electronics,0.45,16239162060,399
Furniture,0.79,16136724832,295
Audio,0.25,16106971004,331
Phones,0.13,16359820944,58
Furniture,0.53,16229315472,387
Audio,0.77,16150536732,754
Furniture,0.78,16162644770,424
Printers,0.0,16219635652,835
Printers,0.19,16380629591,584
Consumer Electronics,0.66,16193460453,776
Phones,0.36,16257420854,44
Televisions,0.47,16217558790,811
Furniture,0.24,16204670082,306
Consumer Electronics,0.14,16170939531,837
Audio,0.07,16353626593,702
Furniture,0.17,16391082801,713
Audio,0.27,16341603293,153
Screens,0.49,16235263673,705
Informatics,0.39,16160978314,490
Furniture,0.39,16358534410,167
Audio,0.46,16303906173,439
Audio,0.15,16135526434,206
Televisions,0.72,16295949823,94
Televisions,0.56,16148091061,633
Consumer Electronics,0.08,16115989724,843
Beauty,0.17,16319890910,645
Beauty,0.56,16208680452,3
Televisions,0.25,16154177884,204
Home Care,0.48,16402134353,262
Informatics,0.34,16157619980,412
Beauty,0.27,16402544950,635
Audio,0.48,16183596163,101
Consumer Electronics,0.2,16381200702,577
Informatics,0.1,16239181983,81
Furniture,0.74,16141499541,462
Printers,0.03,16107638372,890
Furniture,0.47,16105831821,480
Phones,0.1,16370643861,232
Furniture,0.69,16215200731,11
Printers,0.34,16356884382,34
Audio,0.06,16268138864,765
Informatics,0.39,16403632270,270
Televisions,0.21,16137770461,643
Informatics,0.15,16232581573,447
Phones,0.15,16312729144,831
Beauty,0.12,16319358953,29
Informatics,0.22,16199262621,641
Televisions,0.46,16095004834,815
Audio,0.78,16265560964,198
Phones,0.56,16266779761,555
Home Care,0.51,16208661244,466
Televisions,0.31,16152681084,457
Televisions,0.76,16313490503,361
Informatics,0.21,16106331700,108
Home Care,0.51,16127977470,208
Informatics,0.41,16138432634,687
Informatics,0.18,16289421972,660
Phones,0.15,16374513702,501
Informatics,0.45,16370137842,534
Screens,0.29,16336713433,408
Home Care,0.49,16145136913,384
Beauty,0.08,16167293384,775
Consumer Electronics,0.71,16312941800,634
Screens,0.56,16187042243,280
Furniture,0.0,16406008574,119
Consumer Electronics,0.68,16354073474,857
Furniture,0.21,16296587472,384
Audio,0.24,16384729642,59
Printers,0.13,16299639972,285
Home Care,0.56,16172308981,270
Phones,0.59,16337380673,202
Audio,0.75,16177413071,204
Printers,0.55,16319139172,143
Furniture,0.04,16329939400,477
Screens,0.66,16328602330,60
Televisions,0.02,16164733712,252
Screens,0.32,16366887844,125
Home Care,0.18,16218611914,240
Screens,0.76,16409002143,699
Phones,0.56,16173412191,858
Audio,0.32,16291679503,139
Phones,0.64,16353865503,661
Printers,0.6,16232199773,344
Printers,0.18,16382032292,522
Furniture,0.65,16241823721,59
Furniture,0.54,16158920822,430
Phones,0.12,16303739022,571
Consumer Electronics,0.05,16380607094,594
Televisions,0.48,16157840640,691
Beauty,0.08,16187432190,97
Phones,0.23,16185632281,846
Screens,0.04,16136366182,65
Informatics,0.69,16118055162,614
Televisions,0.78,16179236811,87
Screens,0.7,16363792120,710
Printers,0.22,16290674303,720
Beauty,0.67,16275230440,254
Informatics,0.19,16260849402,732
Furniture,0.5,16171073991,803
Screens,0.66,16407146843,440
Informatics,0.38,16390808421,696
Phones,0.79,16347491250,820
Furniture,0.07,16212695491,378
Phones,0.12,16218919042,391
Phones,0.26,16228216663,73
Audio,0.31,16362900884,326
Phones,0.69,16123907752,165
Printers,0.48,16288664563,30
Audio,0.75,16233531933,201
Screens,0.08,16342518043,185
Furniture,0.1,16276486271,842
Televisions,0.56,16348830302,253
Home Care,0.08,16205663843,24
Audio,0.25,16307343573,112
Home Care,0.0,16233175864,116
Informatics,0.36,16182318194,264
Home Care,0.25,16271339144,607
Audio,0.64,16382408554,807
Printers,0.12,16363333942,442
Consumer Electronics,0.22,16147397473,32
Audio,0.29,16116161142,726
Beauty,0.08,16207425690,447
Audio,0.14,16237039293,859
Informatics,0.32,16297011334,877
Beauty,0.45,16283228582,51
Home Care,0.57,16237718023,829
Screens,0.52,16138322950,43
Furniture,0.04,16219182304,897
Screens,0.06,16217309723,696
Beauty,0.77,16277863824,122
Televisions,0.5,16186693944,7
Home Care,0.75,16238679450,589
Furniture,0.06,16379362673,526
Furniture,0.12,16239596842,632
Consumer Electronics,0.4,16244108762,214
Furniture,0.2,16356758341,803
Furniture,0.45,16392104982,357
Screens,0.71,16165846773,35
Home Care,0.19,16335255533,709
Phones,0.02,16276240653,738
Screens,0.22,16292667830,471
Home Care,0.38,16320831272,116
Consumer Electronics,0.15,16200357124,712
Audio,0.55,16129619301,93
Screens,0.16,16145248610,379
Furniture,0.26,16386092632,653
Phones,0.08,16180450683,13
Printers,0.15,16212980281,826
Consumer Electronics,0.41,16385201772,522
Consumer Electronics,0.48,16392719750,667
Printers,0.55,16285335860,568
Phones,0.59,16095430292,648
Screens,0.54,16334996534,753
Beauty,0.46,16293732291,652
Printers,0.65,16263388322,301
Televisions,0.09,16227879343,310
Beauty,0.38,16285898824,339
Furniture,0.44,16173958803,352
Home Care,0.1,16142000731,663
Phones,0.17,16237879412,117
Phones,0.46,16264466024,510
Audio,0.74,16357912911,170
Home Care,0.51,16391375830,301
Audio,0.63,16166291193,57
Audio,0.35,16118363831,96
Beauty,0.71,16139661072,174
Consumer Electronics,0.06,16266156081,833
Phones,0.4,16271104121,630
Screens,0.73,16298983383,103
Audio,0.43,16284069042,453
Phones,0.29,16385914540,117
Printers,0.5,16147134502,234
Screens,0.58,16327555581,800
Televisions,0.25,16375504551,125
Home Care,0.78,16250591470,353
Phones,0.72,16342229642,135
Phones,0.56,16317698201,86
Audio,0.57,16163656950,204
Beauty,0.69,16318365612,370
Audio,0.05,16392492154,725
Furniture,0.39,16227766393,492
Beauty,0.27,16247509381,213
Screens,0.05,16310959013,296
Consumer Electronics,0.36,16372535672,194
Phones,0.64,16110038474,399
Home Care,0.43,16096081034,591
Printers,0.25,16124898972,452
Home Care,0.13,16151368181,307
Televisions,0.54,16321838801,235
Consumer Electronics,0.24,16294263261,754
Televisions,0.2,16151815011,222
Informatics,0.56,16114770314,610
Screens,0.16,16375327801,496
Informatics,0.48,16349458123,654
Informatics,0.14,16109585311,148
Phones,0.6,16202249792,336
Screens,0.52,16184842041,590
Televisions,0.75,16338204933,350
Beauty,0.66,16288173060,139
Beauty,0.19,16299506734,444
Printers,0.25,16201690381,395
Phones,0.39,16210427651,724
Televisions,0.74,16396425254,388
Screens,0.64,16332875744,302
Televisions,0.42,16181854173,328
Consumer Electronics,0.51,16259124784,265
Consumer Electronics,0.28,16199165182,463
Phones,0.48,16363225911,315
Consumer Electronics,0.05,16169985062,167
Home Care,0.78,16363127443,180
Beauty,0.76,16165872050,66
Screens,0.67,16266824990,663
Televisions,0.17,16194777531,255
Home Care,0.34,16261472842,535
Beauty,0.11,16272482192,128
Televisions,0.01,16181486641,693
Phones,0.28,16390946823,296
Consumer Electronics,0.14,16278867400,856
Televisions,0.31,16275029730,738
Televisions,0.29,16402936062,119
Furniture,0.08,16340745833,44
Televisions,0.04,16178221644,480
Televisions,0.06,16396065211,447
Consumer Electronics,0.05,16103045740,180
Furniture,0.31,16306738531,821
Home Care,0.43,16123251783,161
Beauty,0.56,16372976313,107
Informatics,0.44,16270931333,794
Televisions,0.43,16170302611,669
Informatics,0.64,16257189433,675
Printers,0.03,16282630180,112
